brand,alias
Andrew Dutkanych,MILB
Antonio Anderson,MILB
Braden Montgomery,MILB
Christian Little,MILB
Christopher Suero,MILB
CJ Abrams,MLB
Dominic Johnson,MILB
Dominic Smith,MLB
Ed Howard,MILB
Gino Groover,MILB
Ian Lewis,MILB
Isaiah Drake,MILB
Isaiah Greene,MILB
Jaden Hill,MLB
Jamari Baylor,MLB
Jazz Chisholm,MLB
Jeremiah Estrada,MLB
Jordan McCants,MILB
Logan Allen,Baseball
Marcus Stroman,MLB
Mark Vientos,MLB
Masyn Winn,MLB
Myles Smith,MILB
Nick Kahle,MILB
Niko Goodrum,MLB
Nick Gordon,MLB
Robinson Cano,Baseball
Termarr Johnson,MILB
TJ McCants,MILB
Xavier Edwards,MLB
Zack Showalter,MILB
Aeneas Peebles,NFL Draft Prospect
Andrew Thomas,NFL
Andrew Voorhees,NFL
Azeez Ojulari,NFL
Baron Browning,NFL
Bradley Chubb,NFL
Brandon Coleman,NFL
Brandon Jones,NFL
Carlos Boogie Basham,NFL
Chris Paul,NFL
CJ Henderson,NFL
Clay Webb,NFL Draft Prospect
Devin Duvernay,NFL
De'Von Achane,NFL
Drake London,NFL
Erik Ezukanma,NFL
Gabriel Davis,NFL
Germaine Pratt,NFL
Isaiah Likely,NFL
Jaire Alexander,NFL
Jakorian Bennett,NFL
Jalen McMillan,NFL
Jalyn Armour-Davis,NFL
Jamaree Salyer,NFL
Jamel Dean,NFL
Jaylon Jones,NFL
Jordyn Brooks,NFL
Josaiah Stewart,NFL Draft Prospect
Julian Okwara,NFL
Kevin Winston Jr,NFL Draft Prospect
Kyler Murray,NFL
Le'Raven Clark,NFL
Lewis Cine,NFL
Louis Rees Zammit,NFL
Luiji Vilain,NFL
Marcus Maye,NFL
Micheal Clemons,NFL
Michael Pittman Jr,NFL
Patrick Paul,NFL
Rashod Bateman,NFL
Ronnie Stanley,NFL
Roschon Johnson,NFL
Sam Ehlinger,NFL
Savion Williams,NFL Draft Prospect
Terence Steele,NFL
Trent Taylor,NFL
Tyler Higbee,NFL
Tyler Lacy,NFL
Tyler Shough,NFL Draft Prospect
Tyree Wilson,NFL
Upton Stout,NFL Draft Prospect
Will Campbell,NFL Draft Prospect
Za'Darius Smith,NFL
Zamir White,NFL
Aphelele Fassi,Rugby
Ardie Savea,Rugby
Cheslin Kolbe,Rugby
Ellis Genge,Rugby
Jordan Hendrikse,Rugby
Luyolo Doyi,Rugby
Marcus Smith,Rugby
Mamus Rademeyer,Rugby
Ollie Lawrence,Rugby
Owam Freempong,Rugby
Ronald Brown,Rugby
Siya Kolisi,Rugby
Tendai Mtawarira,Rugby
Zukisani Tom,Rugby
Adem Bona,NBA
Bennie Boatwright,Basketball
Buddy Boeheim,NBA
Chris Boucher,NBA
Dillon Jones,NBA
James Young,Basketball
Jimmy Boeheim,Basketball
Kevin Porter Jr,NBA
LaMelo Ball,NBA
Quincy Guerrier,NBA
Rickea Jackson,WNBA
Skylar Diggins-Smith,WNBA
Allen Griffin,Coach
Dejan Stanković,Coach
God Shammgod,Coach
Hamlet Tibbs,Coach
Hue Jackson,Coach
Kliff Kingsbury,Coach
Rod Strickland,Coach
Adedire Mebude,Soccer
Alan Kardec De Souza,Soccer
Alexandre Cesar Santos Ribeiro,Soccer
Alfie McNally,Soccer
Andre Silva,Soccer
Andre Clovis Silva Filho,Soccer
Andrew brody,Soccer
Anthony Fontana,Soccer
Anselmo Ramon Alves Herculano,Soccer
Arthur Augusto De Matos Soares,Soccer
Arthur Zanell Koerich,Soccer
Axel Uriostegui,Soccer
Axel Witsel,Soccer
Aziel Jackson,Soccer
Billy Gee,Soccer
Bradley Ibrahim,Soccer
Brooke Norton-Cuffy,Soccer
Ciao Leao Do Amaral,Soccer
Carlos Henrique da Silva Ventura,Soccer
Cauly Oliveira Souza,Soccer
Charlie Rosenthal,Soccer
Chadi Riad,Soccer
Chris Richards,Soccer
Christian Dimarco,Soccer
Conor Lewis,Soccer
Dakota Watterson,Soccer
Davi Milhomens Waisman,Soccer
David Viana De Oliveira,Soccer
Dayvisson Andre Lima Dos Santos,Soccer
Deji Elerewe,Soccer
Diego Esser Pereira,Soccer
Diogo Leonardo Raposo De Araujo,Soccer
Douglas dos Santos Justino de Melo,Soccer
Eduardo De Oliveira Carvalho,Soccer
Emersonn Correia Da Silva,Soccer
Endrick Felipe Moreira de Sousa,Soccer
Ezra Carrington,Soccer
Fabricio Brunco Soares de Faria,Soccer
Federico Dimarco,Soccer
Felipe Felicio Silva Reis,Soccer
Felipe Vieira Dos Santos Martins,Soccer
Gabriel Correia Da Silva,Soccer
Gabriel Teodoro Martinelli Silva,Soccer
Gabryelo Bica Zaffari D Agustini,Soccer
Gustavo Henrique Correa,Soccer
Gustavo Reis De Alcantara,Soccer
Grayson Doody,Soccer
Henrique De Souza Trevisan,Soccer
Igor Toledo E Toledo,Soccer
Isaiah Parker,Soccer
Italo Lucas do Nascimento Pereira,Soccer
Jack Mcglynn,Soccer
Jackson Teixeira Filho,Soccer
Jacob Neptune,Soccer
Jacob Wright,Soccer
Jadan Raymond,Soccer
Jadsom Meemyas De Oliveira Da Silva,Soccer
Jahmari Clarke,Soccer
Jhuan Nunes Coelho,Soccer
Joao Henrique Medes Da Silva,Soccer
Joao Douglas De Sousa Silva,Soccer
Joao Moreira Sanmartin Souza,Soccer
Joao Pedro de Moura Siembarski,Soccer
João Victor Vieira Ferreira Sousa,Soccer
Joel Gasco,Soccer
Jojea Kwizera,Soccer
Jordi Saucedo,Soccer
Jose Rafael Vivian,Soccer
Josh Nichols,Soccer
Justen Glad,Soccer
Kaiden Wilson,Soccer
Kauan Do Nascimento Firmo,Soccer
Kayke Ferrari Guimaraes,Soccer
Keaton Parks,Soccer
Keven Vinicius Duarte Silva,Soccer
Kevin de Bruyne,Soccer
Kevyn Henrique Monteiro De Souza,Soccer
Korede Osundina,Soccer
Lazaro Vinicius Marques,Soccer
Leonardo Bonatini Lohner Maia,Soccer
Leonardo de Azevedo Silva,Soccer
Lewis Orford,Soccer
Lincoln Henrique-Oliveira dos Santos,Soccer
Lorran Lucas Pereira De Sousa,Soccer
Luan Andrey Da Silva Duarte,Soccer
Luca Fletcher,Soccer
Lucas Alexandre Galdino de Azevedo,Soccer
Lucas Evangelista Santana De Oliveira,Soccer
Lucas Felipe Calegari,Soccer
Lucas Fernandes da Silva,Soccer
Lucas Henrique Barbosa,Soccer
Lucas Pires Silva,Soccer
Lucas Rosa Gazzotto,Soccer
Lucas Tolentino Coelho De Lima,Soccer
Luis Felipe Silva Dos Anjos,Soccer
Manuel Vila Cabezas,Soccer
Marcio Vitor Barbosa Da Silva,Soccer
Marcos Antonio Silva Santos,Soccer
Marcos Gabriel do Nascimento,Soccer
Marcus Vinicius Caetano Loureiro,Soccer
Mateus Da Frada Lustosa,Soccer
Mateus Dias Lima,Soccer
Mateus Macena De Almeida Santos,Soccer
Matheus Dalsasso Dias,Soccer
Matheus Rossetto,Soccer
Matt Miazaga,Soccer
Matt Real,Soccer
Maycon Vinicius De Lima Galho,Soccer
Murilo Camargo Dos Santos,Soccer
Murilo Cerqueira Paim,Soccer
Nathan Ferguson,Soccer
Nathan Pinheiro Dantas Benvindo Rosal,Soccer
Nathan Santos de Araújo,Soccer
Nkosi Tafari,Soccer
Olger Escobar,Soccer
Òscar Masqué García,Soccer
Oscar Torrellas,Soccer
Otavio Goncalves De Oliveira,Soccer
Paulo Otavio Rosa Silva,Soccer
Pedro Henrique Da Silva Barbosa,Soccer
Pedro Henrique De Oliveira Correia,Soccer
Pedro Henrique Pereora da Silva,Soccer
Pedro Julio De Andrade Santos,Soccer
Rafael Barbosa Coutinho,Soccer
Renato Marques de Oliveira Junior,Soccer
Ricardo Cerqueira Da Silva,Soccer
Robert De Souza Ferreira Dias,Soccer
Ruan Lucas De Assis,Soccer
Rubens Antonio Dias,Soccer
Ryan Medina Da Silva,Soccer
Samuel Alves Barroso,Soccer
Samuel Lusale,Soccer
Seth Chingwaro,Soccer
Theo Adelusi,Soccer
Thierry Rohart-Brown,Soccer
Tim Parker,Soccer
Tucker Lepley,Soccer
Tyreece John-Jules,Soccer
Victor Hugo Gomes Silva,Soccer
Victor Marcelo Mendes de Santana,Soccer
Vinicius Jose Paixao de Oliveira Junior,Soccer
Vonnte Williams,Soccer
Vitor Carvalho,Soccer
Vitor Dos Santos Figueiredo,Soccer
Vitor Tormena de Farias,Soccer
Weverson Moreira da Costa,Soccer
Xavier Amaechi,Soccer
Yann Neves Siqueira,Soccer
Ykaro Toledo E Toledo,Soccer
Zach Marsh,Soccer
Adia Victoria,singer
Alicia Keys,singer
A$AP Ferg,ASAP Ferg
A$AP ROCKY,ASAP ROCKY
Benny The Butcher,rapper
Bohnes,Alexander DeLeon
Christina Aguilera,singer
Corinne Bailey Rae,singer
DJ Khaled,record producer
Ezinma,violinist
Fat Joe,rapper
J Balvin,singer
Jadakiss,rapper
Jess Glynne,singer
Kate Peytavin,singer
Lil Uzi Vert,rapper
Lous and the Yakuza,singer
Megan Thee Stallion,rapper
Moneybagg Yo,rapper
DJ Mustard,record producer
Nipsey Hussle,rapper
Rihanna,singer
Robin Thicke,singer
The LOX,hip hop group
Tinashe,singer
Yo Gotti,rapper
Bodega Flee,DJ
DJ Camilo,radio personality
Angie Martinez,radio personality
Van Jones,media personality
Fred Ball,record producer
Big Sean,rapper
DJ LYAN,music producer
Madison Bailey,actress
Myke Towers,rapper
Desiree Perez,Roc Nation
Jay-Z,rapper
